<?xml version="1.0" encoding="UTF-8"?>
<!--<!DOCTYPE beans PUBLIC "-//SPRING//DTD BEAN//EN" "http://www.springframework.org/dtd/spring-beans.dtd"> -->
<beans xmlns="http://www.springframework.org/schema/beans"
	xmlns:xsi="http://www.w3.org/2001/XMLSchema-instance" xmlns:context="http://www.springframework.org/schema/context"
	xmlns:tx="http://www.springframework.org/schema/tx" xmlns:p="http://www.springframework.org/schema/p"
	xmlns:aop="http://www.springframework.org/schema/aop"
	xsi:schemaLocation="http://www.springframework.org/schema/beans  http://www.springframework.org/schema/beans/spring-beans-3.0.xsd  http://www.springframework.org/schema/context  http://www.springframework.org/schema/context/spring-context-3.0.xsd  http://www.springframework.org/schema/tx  http://www.springframework.org/schema/tx/spring-tx-3.0.xsd  http://www.springframework.org/schema/aop  http://www.springframework.org/schema/aop/spring-aop-3.0.xsd">

	<bean id="datakeeper" class="com.impetus.kundera.datakeeper.service.DataKeeperServiceImpl"
		scope="singleton">
		<property name="dao" ref="dao" />
	</bean>
	
	<bean id="dao" class="com.impetus.kundera.datakeeper.dao.DataKeeperDaoImpl"
		scope="singleton">
	</bean>
	
	<!-- Enable @PersistenceContext initialization -->
	<!-- <bean
		class="org.springframework.orm.jpa.support.PersistenceAnnotationBeanPostProcessor" />

	<bean id="emf-p"
		class="org.springframework.orm.jpa.LocalContainerEntityManagerFactoryBean">
		<property name="persistenceUnitManager" ref="persistence-unit" />
		<property name="persistenceUnitName" value="cassandra_pu" />
		<property name="loadTimeWeaver">
			<bean
				class="org.springframework.instrument.classloading.InstrumentationLoadTimeWeaver" />
		</property>
	</bean> -->
	
	<bean id="emf-p"
		class="org.springframework.orm.jpa.LocalContainerEntityManagerFactoryBean">
		<property name="persistenceUnitName" value="cassandra-pu,mongo-pu" />
		<property name="loadTimeWeaver">
			<bean
				class="org.springframework.instrument.classloading.InstrumentationLoadTimeWeaver" />
		</property>
	</bean>

	<bean id="emf-p1"
		class="org.springframework.orm.jpa.LocalContainerEntityManagerFactoryBean">
	<property name="persistenceUnitName" value="cassandra-pu" />
		<property name="loadTimeWeaver">
			<bean
				class="org.springframework.instrument.classloading.InstrumentationLoadTimeWeaver" />
		</property>
	</bean>
	<bean id="emf-p2"
		class="org.springframework.orm.jpa.LocalContainerEntityManagerFactoryBean">
		<property name="persistenceUnitName" value="mongo-pu" />
		<property name="loadTimeWeaver">
			<bean
				class="org.springframework.instrument.classloading.InstrumentationLoadTimeWeaver" />
		</property>
	</bean>

	<!-- <bean id="persistence-unit"
		class="org.springframework.orm.jpa.persistenceunit.DefaultPersistenceUnitManager">
		<property name="persistenceXmlLocations">
			<list>
				<value>META-INF/persistence.xml</value>
			</list>
		</property>
	</bean> -->
<bean
		class="org.springframework.orm.jpa.support.PersistenceAnnotationBeanPostProcessor" >
	</bean>

	<bean id="pum"
		class="org.springframework.orm.jpa.persistenceunit.DefaultPersistenceUnitManager">
		<property name="persistenceXmlLocations">
			<list>
				<value>META-INF/persistence.xml</value>
			</list>
		</property>
	</bean>
	
	<bean id="matchAllWithPropReq"
		class="org.springframework.transaction.interceptor.MatchAlwaysTransactionAttributeSource">
		<property name="transactionAttribute" value="PROPAGATION_REQUIRED" />
	</bean>

	<bean id="jndiTemplate" class="org.springframework.jndi.JndiTemplate"
		lazy-init="true">
		<property name="environment">
			<props>
				<prop key="java.naming.factory.initial">org.apache.naming.java.javaURLContextFactory</prop>
				<prop key="java.naming.factory.url.pkgs">org.apache.naming</prop>
			</props>
		</property>
	</bean>
</beans>